ID,NAME
1013449294,gprrc
1016200247,tudmx
1020909355,orixe
1027226699,jdfwz
1027782603,uuvsz
1065407656,jnfot
1075025693,nivbu
1076621868,nomob
1083801706,ydgdd
1090016621,selmc
1099039444,zmrod
1110144298,gbcej
1112902227,sivms
1118065031,vpmef
1118875937,vfncu
1121669926,aokki
1135122394,xcuqk
1135776527,jyrru
1137983718,qdzni
1141032297,jccwl
1147243451,ztnys
1154390090,osfje
1157830025,quoxh
1164771771,wddbe
1170696571,mvunw
1177664982,flopp
1189688603,ctayz
1208536722,hzwey
1209883973,xdnyb
1213092932,wvnmf
1213587551,jvlxf
1223219015,oepgc
1227434723,fyzfb
1231098027,ukvzf
1235518867,dpqpb
1237786929,daxwn
1259084919,bzfgu
1263041591,aocjh
1263971716,tkhbz
1273385482,bjcdd
1278012079,emsvz
1280412013,neozj
1282436125,rsmzg
1288178904,vhxub
1307421701,gprdj
1309813427,owwsd
1312161385,lgfsy
1314685425,qbycb
1320866673,cozvf
1323399069,szulr
1327669214,klqgx
1331641540,uwahn
1333126300,tzngx
1355762118,tfndt
1357710676,vrxhg
1370494868,lryte
1374896358,kzkka
1379141826,qlynk
1382892514,aatca
1386799555,fhfce
1405013408,hsumk
1418910293,ahuxi
1424971670,lzjeu
1434255065,dromn
1449262628,wasps
1456714208,afkfx
1462144478,dxsvl
1468919131,remul
1472116892,kzsuv
1474640081,iglyb
1479756918,awzph
1515900699,ccawj
1522022153,syygh
1531109527,pgsaa
1543371602,ljcsz
1547419021,evnja
1549711733,ojfzl
1556496348,hzpfr
1557962974,whdvw
1567911461,tsutv
1569723857,ldrgl
1581713283,sdjvx
1584856351,ctgua
1586945745,tyehc
1588773839,niayx
1632853951,tfjes
1633405366,wpgsf
1637279190,ngfze
1663573829,inlle
1665617474,tqrin
1671899162,ddtxy
1672165316,shpxm
1675433291,xlitt
1694999814,hvdby
1698650927,ieyxq
1699129509,uildv
1705045718,sfbat
1716327464,vqbeu
1717870242,wptsa
1723032652,qieks
1725887724,dyaaf
1771395195,nqsrh
1779958654,vgotu
1788038333,cxhpv
1793128656,tfimd
1794641245,csqde
1801750423,vgnfp
1812609357,ikxjy
1828491901,stdzz
1843241620,nuxrn
1849075572,porpm
1853451918,pmoer
1854432222,rnzxd
1879071101,uxlwv
1884730706,rafys
1887585803,biprl
1896819681,mtiom
1904075212,aibcq
1913145203,okexp
1931371866,whabi
1950181596,hlcxa
1950586557,stpct
1954570869,xmkpx
1959480867,dnswv
1977386630,chjxt
1978540952,zcoby
1996548967,fismu
2002982759,muyld
2019477095,iughe
2029047390,hxtzk
2035663873,fvlua
2040065677,zkytd
2049054887,qstqm
2073310389,vzosi
2076075987,zuigj
2092297107,hiuoh
2097932735,piobm
2098245914,qxnmy
2100479298,wkaea
2115425862,skgqs
2120693690,tifol
2120902410,cjaad
2123633132,iripj
2132672220,fwecu
2134156603,lktfw
2143494257,esaua
2178629065,luijz
2180338270,maiud
2187518521,koyej
2193828767,osmcy
2208594656,nusqs
2212920106,fhktx
2216615348,qzndg
2228954526,vjpeh
2232097411,mkcum
2248219603,duqgo
2252717728,ohmfj
2252892109,vahnb
2253815065,nswxg
2256446816,fsgwa
2293004651,kmcnr
2296657636,oflqc
2298674489,ggcqd
2317707446,hkahb
2322045865,edyqr
2333430664,axjem
2336045677,cmmsh
2342449637,bngij
2343796782,hapzo
2348688794,rqrrb
2350681218,qsmep
2360921136,jfhrv
2369208891,wrofx
2384201669,twbmz
2384221655,pcmsg
2393157457,wozpv
2393814042,xmbmb
2399858327,bjtum
2408201725,lwrhu
2424211641,qhfrk
2432893989,xsijc
2443657576,seqtu
2452070277,rbgha
2455768176,mdstr
2456299835,mmubu
2456657070,nknrx
2488922511,zilbx
2498895275,muaal
2510089036,qjlnt
2515411909,vuerv
2523511233,aiymr
2528538502,camrd
2531785060,tjsds
2533998654,aovhq
2537340812,pdlkp
2561494418,gnwks
2566855425,owxqo
2575247980,dtjcb
2576640104,wwljg
2627138668,qwydz
2627997854,kaqfa
2630192471,lfyux
2646224863,rvmsm
2676048281,riotk
2680691659,fztaw
2695923771,qvrwh
2701239083,jixly
2702264754,ynrxu
2702736385,efrxy
2711637027,qrkln
2716590683,zzxev
2721349921,yeack
2724308778,cvnpt
2743965185,owxmd
2744124981,zrnwl
2772136198,ptslf
2774990949,yijoc
2775009818,rotjj
2778626224,bjisx
2778851811,ujrfp
2812392472,vftcv
2817203118,uxfkz
2835299809,zwjrj
2850257270,dzens
2854040449,lkeqi
2861410801,dsxxu
2864598255,dlctm
2871766990,gyqrh
2881782844,lkccf
2893180426,joxmy
2906443300,yrqkd
2907052496,malse
2924463951,dzdun
2927222258,gewud
2928667344,ixxza
2932536744,tqinm
2939628156,qjybv
2947012712,furei
2952368193,jkvfk
2961882235,cbdkx
2973024827,llabw
2977386354,cozqn
2982604395,xvbpa
2990157674,elqpk
3006278853,hnrqw
3014933492,mghib
3025038582,jgdap
3030066575,pijyo
3032183252,yjtyl
3040285631,tsmfv
3046854969,nobav
3051006326,ywulq
3060558194,deodf
3061788016,rnkjg
3074591162,xjjex
3085430249,ivlir
3088868827,hrjog
3090893646,fvgcg
3102432747,cpvtg
3129604191,rgcfh
3132181904,xxlgq
3162292756,qafhm
3179636757,vgzok
3190039316,gybzo
3214090386,epukp
3252594182,crkda
3259075144,puibg
3261492576,jraee
3264958473,hxbqi
3273069487,ouxpx
3278275433,hzuhk
3285171537,vdnws
3292865073,vppuk
3303423021,kttax
3308261685,gcsni
3313742036,clomf
3318023851,cknit
3327838841,azvwr
3345597151,tqjzo
3359773354,fhzvm
3364834387,rrwmy
3374914070,tgnuq
3384811719,twiic
3387268699,xccab
3389285202,caorl
3404093132,bvwcx
3407723673,dabgo
3408709449,ywdqa
3417575720,hclch
3418013695,fawol
3419782962,tyrxa
3422610395,jkjkx
3429427727,orqqu
3438838097,uypug
3440079127,sprts
3446691459,ovzed
3461348621,pnwmw
3469753671,cesoy
3483133367,lvtsk
3498200461,warax
3505601346,wkpzx
3508514153,wkezx
3510666032,eflif
3511261201,eqnqk
3527552099,qsela
3539509083,kyfcb
3547088025,rfxpe
3549850656,mkkqq
3552036375,nppgf
3554709934,laewq
3555853874,gxxgd
3562044400,vzaal
3575491937,kmzts
3576684235,xugzr
3610376391,ltaql
3642964627,xzoxk
3646572927,yyoxz
3652270459,cerhm
3655198544,txmih
3658975850,zjihp
3665926211,xkzqj
3672965213,otimk
3679821844,vsjgr
3683899152,zbiru
3687509999,sznpx
3709704720,taprg
3714326747,vhrdr
3716421400,yeopt
3724162429,cryms
3733890334,mvytb
3747833497,lvvza
3750598657,ujlet
3779981242,xenet
3782732105,hbosr
3784505854,pmhem
3786106699,svxot
3794422872,xetet
3819347257,dilql
3827033868,ctemm
3839848535,udmaf
3841373700,oovjc
3845912393,jshwg
3849021448,khzwy
3852174622,jyluw
3855286661,xojgi
3862688984,gokii
3870202323,dlrxn
3882592363,jtqvs
3885942681,oxmwo
3890515974,drviy
3909703502,pipgw
3950456319,homwe
3957983272,kglir
3970036873,xohpe
3985175270,osmfh
3998184328,yndqo
4012649855,cvjkm
4029786194,mxfjg
4036655022,xviri
4043533503,nrkbd
4045796308,tibhp
4051544016,mandw
4056232197,yzvvw
4062894517,yqfzc
4067344631,pypsz
4083039678,nhwyd
4089823110,xgeoe
4094334521,dttzb
4094566774,pnjqi
4099991946,ambaw
4117412305,iasoy
4134357615,tmmfz
4135481763,biefu
4143072397,vrrxh
4151733705,ysnhi
4154074207,cckdh
4160591285,otczv
4163820019,vmrmm
4164692264,pfwiy
4183179492,opmwj
4191977199,gjvhb
4211983834,ysrsy
4212386979,qgbxx
4215231025,pgmeb
4221953535,fxqgv
4239162606,ugmqo
4245457647,moemd
4263586695,wbmsi
4265105131,ymfjx
4288953385,wvrwv
4324887359,nohdi
4326322567,dclyv
4386389273,vpxdt
4390895655,gqccl
4400267868,imrcm
4401021262,hwwwv
4401597520,fiqgv
4404304348,lxjrh
4423352555,hmosd
4425637377,gmmok
4433527466,kulhg
4435234308,kncsd
4437349419,yqfbl
4454786482,eizlh
4459054604,flwag
4468816911,ouwyh
4469557386,wszvo
4479880377,ugfeq
4491681920,rhohe
4500917876,gwmbj
4504950014,ayggb
4517322252,ketxg
4539353499,lgube
4545363896,rbcjx
4559373698,pkthf
4566973274,aeekj
4569249444,fqqlc
4629330129,nycks
4630459599,jsugb
4634160339,bbjwa
4662380256,ufrdw
4671256633,wvpxe
4691501235,tvlzp
4755131149,mpxvf
4763886292,dmepg
4774313215,rkaiz
4783665892,naihi
4804260187,fgobt
4818638366,nabzq
4818835048,svqgk
4823192897,gmlqo
4823948321,tbxjh
4840819461,impzq
4843458971,ijeit
4850935543,cwyuz
4860790473,futrx
4862641842,mxbha
4882713767,ftjdi
4906489731,vgylj
4906792981,ehcxw
4917946396,axjrp
4919041830,vccjf
4924435679,kblke
4926490355,bwyyl
4936150742,pksfx
4942426573,mseau
4968343155,mlqlg
4979700420,jmshq
4982975457,yyycv
4988131212,smzfe
4995295376,lupai
5019529407,cqtri
5033482059,rdorr
5037624346,vyikc
5046851073,mbtch
5049532217,liodf
5049572402,yiapb
5058035284,icfzi
5075275422,beiyd
5089798491,mzyky
5126823357,kpcmd
5159350779,zdyeb
5184326022,dmeed
5227325999,zlqwo
5229091279,jeyoe
5239124092,xsxit
5243493150,davyx
5257800680,alxrc
5281838938,hpxpl
5297764100,ubamj
5298053459,tvxhs
5300757535,gslhg
5307551822,sjbnk
5308173566,ovvse
5314158410,pbqot
5317775400,ienyf
5323213575,ddpkw
5337942963,frren
5345102382,oyjbl
5348625511,hccta
5352606528,pjlxx
5352950376,kqyge
5387520204,mwioh
5408595758,dsxre
5408766399,ahwtd
5426203895,kdxcu
5438258690,rexmn
5438307475,ubgeg
5449256381,wjazj
5460494485,wpmjj
5464223173,dfwzc
5482334693,aoxtg
5483888190,kbwxu
5495989684,ijgbz
5503573729,pdrtq
5526905049,jkmkf
5540470617,ebnzq
5550486064,spyie
5558027568,gcdqm
5564028041,xktfp
5574683122,ecnhp
5589475259,qllxt
5593290093,vzxhr
5599240248,ridbu
5603690811,tqqyi
5605730471,jwfpj
5608991313,akrgj
5629015611,bttmp
5635658553,sjbgc
5639079960,zgtxc
5666366812,yiywy
5666732901,tgffh
5668481706,lquae
5683762804,pnszu
5691945717,tpkak
5692061281,lgjxy
5705663404,addaj
5708849437,opjfx
5713959177,myvmq
5730226971,psxil
5730565275,qrjhc
5731057158,lryud
5737267909,iwxtb
5744122651,oasbm
5744985710,pwpdy
5755719884,aafid
5768748956,qrryf
5772511574,dwlis
5779371572,ddvuf
5783915697,ryakd
5802697035,bqgtf
5803071915,pgglm
5803221053,eexmh
5808355214,xznki
5816817250,ghqcq
5819622972,kgysa
5827866176,vserx
5835208911,msppe
5841287218,meqrr
5849175222,sjojv
5924700918,htfya
5924993591,memen
5937673032,goars
5940435865,odpsf
5942591984,yipqb
5949034901,xfypz
5950091980,gjkah
5954848207,deyfz
5982088936,ydpgv
5995791346,myjip
6006247919,wytda
6028745373,vpmuo
6052112342,osvdw
6056040920,nqgjx
6057555492,nkawl
6068004150,cydnu
6074389775,gtjss
6077804096,itmtn
6078678527,xiios
6086533707,lmfsd
6093623298,pesbe
6112015960,dvlft
6118627881,gslor
6122626302,iumkm
6125733085,gjeke
6129129980,teytp
6129741173,dvhjy
6131778733,vcfzo
6133822950,cnbrr
6141021080,ozxif
6143980943,bvpac
6144244837,jvnvl
6173286415,ecxvp
6173409441,bvtxp
6177958111,otprt
6181971267,jmthc
6184893850,cctfo
6185909576,szxqu
6202061059,loalu
6202436818,ogavy
6207311279,dkntz
6219243342,nyuog
6229739738,jdlpp
6233519579,evjoz
6248388844,shtxp
6270792159,gnzyv
6277360794,czqeb
6295108967,kvoak
6301663669,dbtqs
6311685842,zodtn
6323829407,bwome
6327842681,ubiyd
6340646442,ogvxf
6341038676,eacgz
6350446147,nryut
6351722307,nvmdz
6372487438,rylig
6376342161,cxblh
6385659917,botwm
6386720781,qlylz
6388646325,vcdvq
6394813269,ctqvo
6408939726,buchh
6434447289,ssshi
6444856626,jefdh
6446634460,cqfcl
6475118909,rhibi
6476471641,jcwik
6517067972,tiisk
6518875314,lyaji
6523257090,vnrfx
6558994201,fqdxn
6565545112,egili
6581571497,jfldc
6611890485,upnpt
6621797010,kxxnd
6630391307,jrplw
6640126362,tenhd
6655061016,qqudw
6657978947,cmtgi
6664588742,uvaxh
6665821361,fndzc
6676137834,algxg
6693705747,ngilg
6697009385,caexk
6709980315,ecbzb
6710333931,wwokx
6715482548,uaake
6716325157,gaopx
6718471412,ntpww
6724439369,bmxav
6724793618,tiuqn
6727566142,gcdty
6737051504,aqjcs
6746066980,rfvcv
6769579709,dmiib
6809393094,zxwbx
6810392596,njtrd
6818340244,xnoop
6818929466,fnbop
6824929624,knjxr
6830073823,kpdvh
6838679595,ffnbn
6848832726,dagzr
6892015750,exdnf
6893506034,mubfj
6905271029,qeolb
6920374416,wgtwe
6921301090,ubcsk
6921533190,rsejj
6923554298,iknya
6923915310,obfnd
6933032327,lipap
6935261217,lplcm
6936247893,ickqy
6945002656,ylzfs
6947148708,ilnfn
6958105722,pyjsw
6979289897,tfebx
7001919458,yeslm
7003747511,dzgds
7004190227,hqtxd
7004669161,xnjnu
7020547778,tzxmm
7021049845,gwnfy
7042657193,jyowq
7058657760,tibby
7082677039,hcpas
7083973818,gdzij
7086982812,wkztg
7095739974,topcu
7125848047,ughvd
7134496680,mtude
7137969874,nlizr
7142350396,dovhx
7151288040,igvio
7158197932,ainij
7159362838,mgygi
7173252238,kosng
7182669587,okhvs
7186416048,ddbhy
7189116036,uossj
7190969938,xqxrm
7193605522,kvhuo
7198025282,mypko
7206268831,tutfh
7231926589,lzxab
7245922890,nidtw
7247458925,uagvt
7253829370,xqdnu
7258504161,tszfl
7271144895,lyttx
7274834529,meagn
7289953242,okvms
7295098008,enuxz
7300542127,gstjg
7304557841,szogz
7316962560,azhgq
7334125176,capwg
7342223507,tcuym
7345352449,sgqqj
7357123875,ivrth
7366782502,vpqjx
7374210276,nulkc
7384816023,uycmy
7390945426,rpqul
7399208457,mhnkx
7423983644,ppnrn
7447882721,jenfn
7467252692,yzcwc
7474106702,lroek
7489373093,wvpjt
7503241464,uwayp
7506795746,epczq
7530750482,grsxi
7553152865,qldkr
7565182841,zugbc
7577760633,yexzh
7596334993,ekvce
7608674842,spfew
7611808752,hbnet
7623516932,ghvgw
7634256518,xjcum
7636215524,fcntk
7640248794,dcjwz
7648110242,oemjs
7649459542,fyxaf
7651366535,nwzyh
7654384013,gqhlu
7655165689,dbbgk
7659086966,fussu
7662891368,zjnxo
7680620359,gobjm
7683433989,yqlns
7698865431,jtrqu
7700529526,ycsqm
7701813479,vrkkp
7710862748,riteg
7712182868,whhcg
7717639182,krwvv
7722139714,nvfhc
7734561072,hargx
7752046697,aiiww
7789537823,evtlg
7801430593,pkjwt
7808171766,zlsdd
7813429365,oeeoo
7815845833,gzbwn
7822280261,sirgt
7830532962,ckace
7837246192,sjacj
7849502143,olxxe
7856984807,smvws
7863567135,clxwy
7864452409,xnvqi
7870392409,boyti
7919666406,beblq
7929560711,evshg
7943228197,ynugy
7943230611,qkuux
7944336393,ucfvu
7960013662,jsmso
7964319317,ksssl
7964836773,bdfjy
7974959228,vvltj
7991193481,zqiec
7997269708,ebpcg
8004063216,vpbsd
8005006398,epdfc
8017560593,flqov
8028590412,uaeds
8028607592,qemxw
8049647677,ifolq
8057161979,tlokp
8067750460,aumro
8069623295,qsdos
8074541420,dlyno
8093761889,yarlu
8105902267,wjzlq
8108711821,escup
8109193978,wjliz
8115207649,iboyp
8127203364,oisod
8132690559,gmqti
8147976577,nwazk
8164048285,refsy
8165742947,hwhda
8183892879,kaiqk
8187737765,gkzcf
8188053448,hlgzi
8189057127,dqqoa
8192433914,ikkhw
8197796825,islgc
8203591226,fspjh
8209756553,tkkft
8218115466,wvsee
8221522991,nwcdp
8248241724,dmghw
8249142171,vrfzy
8249253873,dqahx
8251110500,uddju
8273974029,dzymt
8276284325,abtkm
8276298848,hxtdu
8291498708,bscbu
8310946328,momyn
8313144726,nyiln
8320301894,noqxy
8327340366,haiku
8333227528,etojh
8336015153,wizpb
8336282766,tckjp
8339286530,gyozc
8358375506,elfvi
8362952092,zekek
8363120718,trjri
8392254567,lyjln
8416039744,tjtdk
8422860356,kvzod
8422926880,luqtr
8429980790,qzvlt
8439746474,ykpsc
8446046901,nrngz
8455369441,czsuq
8471313131,kzdee
8475302601,wbxeg
8477768837,qldum
8484403960,ewckc
8487913191,vldzc
8500822577,bcouk
8518266544,xxrgp
8530140279,drmds
8533882809,wdpag
8551009323,xzqmd
8551283348,hmvjo
8572019813,wmuvc
8579101529,lqvtx
8591987641,opaee
8594413701,dzsav
8607985154,ybfih
8614055734,ftmqh
8619421638,kezhg
8626880948,elgsf
8640071540,cqfqd
8670308640,hijoq
8670939683,fcwff
8695413223,zkvru
8698291090,carki
8707415544,axzud
8714458375,ynolj
8714625514,ezhlg
8725729872,aiuln
8727401743,kptpm
8728480629,csalb
8734532485,gwlhu
8742352367,zzpfx
8751762315,wegto
8776001820,vvhsl
8788468795,mgrqa
8797742437,jiaig
8812078534,xhlsr
8840673785,donck
8843844279,gzkfb
8870728950,pqxmy
8888146442,llglo
8896823834,yvzjo
8900154363,ztskt
8925781863,gbclk
8931816286,zzhjo
8933785221,xkqmd
8933955658,begba
8938404580,olter
8952193307,dcrdj
8955073703,qulzc
8959169084,bhpdy
8968612851,zckzx
8972204120,xqcdn
8986788649,pwqia
8992884807,vtfpn
8994162698,bnnmy
9000447881,mqiwt
9007509014,qekss
9017901047,dieeq
9019653145,knnru
9020597269,gurle
9023669345,vfzhn
9040792065,pbslf
9049957907,aanqb
9054148773,khhpg
9057018686,gvqob
9060932684,zbrsp
9066624167,ttcel
9069760996,ngkqv
9074399965,iyjxw
9088043963,hlnjl
9096659729,vabxn
9103680350,qresw
9104563562,irbiq
9105137032,spjhi
9125366619,gdmld
9127216971,jmzwq
9127893959,mnjhb
9128120843,josec
9139176822,opheo
9140029410,rynos
9140806931,ntgxc
9183329367,ohwye
9196769164,eecix
9225579737,udnow
9239424648,nsyfv
9243670665,cocog
9244140205,blbbu
9256590378,mygep
9314870294,quczl
9326629981,tavxo
9334575419,ejxjv
9337608461,fnlwf
9344541648,knfem
9349353925,atczk
9349942189,qdyzb
9368487760,pjgcu
9368677767,lbtdz
9371206367,sbuao
9390016518,udtkn
9392271508,vjadk
9395570512,xheqw
9399588301,oisjo
9400134084,mgios
9428305411,tlrat
9429218862,lnckb
9433416630,nnnex
9435382271,gzvdn
9437809517,qsque
9453225821,bucwx
9453606157,witkw
9454759698,ktshf
9482018644,qhewq
9492624371,okqoa
9494188894,frrnt
9504378448,cuzwz
9513278971,tcdfp
9528360206,qxojz
9531229672,vibnc
9546368255,eytcm
9549320620,tbpue
9549688102,rukbo
9552898947,ljqlx
9557380668,eezjm
9564054935,gqvjn
9567895639,epday
9576225879,cbien
9595523909,tzond
9596716393,zzybd
9617812098,ylqzn
9623217931,ftiqx
9625354557,ktvfj
9641592745,yzrcy
9644307403,gasqt
9656720170,uuiad
9668200539,cgvuc
9681818324,fdnhn
9684814304,zmvlb
9695310761,kttlv
9700907368,tvvvh
9706831917,jwlan
9709369493,nhdfv
9710990247,sdcab
9714719267,bybvu
9714992381,nxcma
9722557904,nghsj
9725660452,qvmxi
9740964721,wwfie
9752642493,qekzb
9752745703,rmast
9761851714,yowiz
9765370688,vnqhd
9772359330,xnsee
9798355513,oaflf
9809672875,xqlms
9810684692,ahqke
9811966370,mewzn
9818198639,omurh
9821510432,qcxes
9822330991,cqrjz
9827460815,xvboa
9836712596,uderf
9880229812,fddoz
9902292754,zidig
9905830799,whfmr
9909239463,uvgjy
9911636993,cxfzg
9915684454,jvhgn
9926035201,vzlme
9936144853,digxp
9937681411,hgxfu
9940674196,gmqlt
9954371153,nlfua
9960299424,vyanb
9965486073,eikir
9977612698,bupuy
